AUTORES;TITULO;AÑO;MUNICIPIO;DEPARTAMENTO
Ana S. Caicedo;"Microplanta de gas natural licuado (GNL) - ""La Arenosa"" Soledad. Atlántico. Prospección Arqueológica Área adicional requerida para la construcción y operación de la Microplanta de GNL - La Arenosa";2015;SOLEDAD;ATLANTICO
Angulo Valdés, Carlos;La tradición malambo: un complejo temprano en el noroeste de Suramérica. Banco de la República, Bogotá.;1981;MALAMBO;ATLANTICO
Angulo Valdés, Carlos;Arqueología de Tubará: municipio del departamento de Atlántico. Instituto de Investigaciones Etnológicas del Atlántico, Barranquilla.;1951;TUBARÁ;ATLANTICO
Angulo Valdés, Carlos;Arqueología de la Ciénaga de Santa Marta;1978;BARRANQUILLA (Distrito Especial, Industrial y Portuario);ATLANTICO
Baquero, Álvaro;Rescate arqueológico en la cancha La Abusadora, municipio de Malambo. Universidad del Norte, Bogotá.;2003;MALAMBO;ATLANTICO
Botero Arcila, Silvia H.;Proyecto parque ambiental Los Pocitos: informe del componente arqueológico. s.e., s.i.;2006;TUBARÁ;ATLANTICO
Camilo Díaz Pardo;Estudio y plan de manejo arqueológico del lote de una bodega en la planta Uniphos Colombian Plant Limites, en el distrito de Barranquilla: Informe final;2018;BARRANQUILLA (Distrito Especial, Industrial y Portuario);ATLANTICO
Campo Mier, Enrique;Programa de arqueología preventiva. Prospección Arqueológica y formulación del Plan de Manejo Arqueológico de 82.42 km, 25 metros de Derecho de vía, cinco centros de acopio y una Estación en Caracolí, Gasoducto Paiva- Caracoli. PK 0+000 AL PK82+0;2018;USIACURÍ;ATLANTICO
Carlos Angulo Valdés;Arqueología del Valle de Santiago Norte de Colombia;1983;LURUACO;ATLANTICO
Carlos Angulo Valdés;Guájaro en la arqueología del norte de Colombia;1988;REPELÓN;ATLANTICO
Carson N. Murdy;Cangarú: Una economia maritima prehistorica en la isla de Salamanca (Departamento del Magdalena). Informes antroplogicos. Colcultura: pp 3-38;1986;BARRANQUILLA (Distrito Especial, Industrial y Portuario);ATLANTICO
Consultoria Colombiana;Línea de transmisión a 220 kv Sabanalarga Nueva Barranquilla: evaluación de potencial arqueológico;1998;SABANALARGA;ATLANTICO
Franco E., Alexander A.;Programa de Arqueología Preventiva Prospección y Plan de Maejo Arqueológico para las obras anexas de la concesión costera Cartagena - Barranquilla. Departamento de Bolívar y Atlántico;2015;GALAPA;ATLANTICO
Franco E., Alexander A.;Prospección y plan de manejo arqueológico para la concesión costera BARRANQUILLA-CARTAGENA. UNIDADES FUNCIONALES 4,5,6 Y ROTONDA. Departamento del Atlántico y Bolívar;2015;GALAPA;ATLANTICO
JAVIER RIVERA SANDOVAL;PLAN DE MANEJO ARQUEOLOGICO PARA EL HALLAZGO FORTUITO DE GASES DEL CARIBE EN LA CARRERA 51 ENTRE CALLES 41 Y 40, CENTRO HISTORICO DE BARRANQUILLA. INFORME FINAL;2020;BARRANQUILLA (Distrito Especial, Industrial y Portuario);ATLANTICO
Johan Sebastián Atehortúa Ramírez, Julián David Arias Quintero;Prospección y formulación del plan de manejo arqueológico para el proyecto Caracolí 110 Kv y obras asociadas de transmisión regional de Atlántico, tramo 1, departamento de Atlántico, informe final.;2017;SOLEDAD;ATLANTICO
Johan Sebastián Atehortúa Ramírez, Julián David Arias Quintero;Prospección y actualización del plan de manejo arqueológico para el proyecto Caracolí 110 Kv y obras asociadas de transmisión regional de Atlántico, tramo 1, departamento del Atlántico, informe final.;2017;MALAMBO;ATLANTICO
Johan Sebastián Atehortúa Ramírez, Julián David Arias Quintero;Prospección y formulación del plan de manejo arqueológico para el proyecto Caracolí 110 Kv y obras asociadas de transmisión regional de Atlántico, tramo 2, departamento de Atlántico, informe final.;2017;MALAMBO;ATLANTICO
John F. Restrepo;Implementación del Plan de Manejo Arqueológico fase de monitoreo. Tramos PR6+600 al 6+670 y PR 17+400 al PR 17+500. Proyecto vial doble calzada Sabanalarga - Ponedera - Palmar de Varela departamento del Atlántico;2014;PALMAR DE VARELA;ATLANTICO
Jorge Tovar;Prospección arqueológica en el contrato de concesión PBQ-16021 para la extracción de materiales de cantera. Baranoa - Atlántico;2015;BARANOA;ATLANTICO
Langebaek Rueda, Carl H. y Alejandro Dever;Arqueología en el bajo Magdalena: un estudio de los primeros agricultores del Caribe colombiano. ICANH, Bogotá.;2000;MALAMBO;ATLANTICO
Lenin Pescador Pineda;"Informe final implementación del plan de manejo arqueológico para el área del proyecto denominado ""Magisterios"" - Etapa 1 Municipio de Barranquilla, Departamento del Atlántico. Fase rescate arqueológico sitio Sa-Mag E1";2018;BARRANQUILLA (Distrito Especial, Industrial y Portuario);ATLANTICO
Lenin Pescador Pineda;"Prospección Arqueológica-Formulación del plan de manejo arqueológico para el área del proyecto denominado ""MAGISTERIO"" - Etapa 1. Municipio de Barranquilla, Departamento del Atlántico";2015;BARRANQUILLA (Distrito Especial, Industrial y Portuario);ATLANTICO
Luis Padilla;Prospección Arqueológica Parque Industrial Atlantik en Sabanagrande, Atlántico 11,77 hectáreas de extensión;2019;SABANAGRANDE;ATLANTICO
María Angélica Garcia, Luis Felipe Navarro, Luara Avila;Prospección y diseño de plan de manejo arqueológico para el estudio de impacto ambiental (EIA) del parque solar fotovoltaico Guayepo con capacidad de generación de 400mw y su línea de evacuación 500kv.: Informe final;2020;PONEDERA;ATLANTICO
MARIA ISABEL GUEVARA FONSECA;PROSPECCION ARQUEOLOGICA Y FORMULACIÓN DEL PLAN DE MANEJO ARQUEOLÓGICO PARA LA PLATAFORMA BASARI, AREA DE PERFORACION EXPLORATORIA (APE) BASARI, MUNICIPIO DE PIOJÓ, DEPARTAMENTO DEL ATLÁNTICO.;2020;PIOJÓ;ATLANTICO
Nicolás Carmargo Salazar, Jennifer Lilián Melgarejo Patiño, Oscar Iván Martínez Vergara;Programa de arqueología preventiva para la construcción, instalación y operación de un laminador en caliente de varillas. Fase de prospección arqueológica: Informe final.;2018;PALMAR DE VARELA;ATLANTICO
Otero de Santos, Helda;Informe final del proyecto prospección arqueológica de la subestación Atlántico. Rescate arqueológico de la subestación Nueva Barranquilla. Interconexión Eléctrica, Medellín.;1998;BARRANQUILLA (Distrito Especial, Industrial y Portuario);ATLANTICO
Pablo F. Pérez R;Propuesta intervención arqueológica (rescate) microplanta de gas natural licuado (GNL) la Arenosa Municipio de Soledad, Departamento del Atlántico. Promigas;2015;SOLEDAD;ATLANTICO
Pescador Pineda, Lenin;Informe final prospección arqueológica - formulación del plan de manejo arqueológico para el área del plan parcial «El Volador» municipio de Barranquilla, departamento del Atlántic;2016;BARRANQUILLA (Distrito Especial, Industrial y Portuario);ATLANTICO
Restrepo Lotero, John Freddy;Prospección y reconocimiento arqueológico modificación ambiental a la doble calzada de la vía de la cordialidad entre el PR103+320 al PR117+103 tramo Sabanalarga - Barranquilla, y reubicación peaje de Galapa, municipio de Galapa, departamento del At;2014;GALAPA;ATLANTICO
Rodríguez Ramírez, Camilo;Cacicazgos precolombinos y fronteras étnicas: el caso de la tradición Malambo y los Chimilas del bajo río Magdalena. Línea de transmisión Sabanalarga-Fundación, programa de rescate y monitoreo arqueológico. Consultoría Socioambiental, Bogotá.;1998;SABANALARGA;ATLANTICO
Teresa Cantillo Herrera y Claudia Nancy Lóez;Prospección arqueológica para la construcción de la línea de flujo de la plataforma multipozo Bullerengue Sur, municipio de Sabanalarga, departamento de Atlántico, informe final.;2017;SABANALARGA;ATLANTICO
Teresa del Carmen Cantillo Herrera;Prospección y elaboración del PMA, para la construcción de la plataforma multipozo Bullerengue sur West y su vía de acceso y línea de flujo asociada. Bloque ssjn-1. Municipio de Sabanalarga - Atlántico.;2018;SABANALARGA;ATLANTICO
Vergara Castañeda, Felipe A.;Rescate y monitoreo en la línea de transmisión a 230 Kv Sabanalarga-Cartagena. Interconexión Eléctrica, Medellín.;2001;LURUACO;ATLANTICO
VERÓNICA MARTÍNEZ QUICENO;EJECUCIÓN DEL PLAN DE MANEJO ARQUEOLÓGICO DEL PROYECTO DE CONSTRUCCIÓN PARQUE INDUSTRIAL ATLANTIK EN SABANAGRANDE ATLÁNTICO 11,77 HECTÁREAS DE EXTENSIÓN;2020;SABANAGRANDE;ATLANTICO
Afanador Hernández, Claudia y David Behar;Informe de la excavación en Cospique. ICANH, Bogotá.;1973;CARTAGENA DE INDIAS (Distrito Turístico y Cultural);BOLÍVAR
Alejandra Betancourt Angulo;Implementación del Plan de Manejo Arqueológico en el Gasoducto Mamonal- Caracolí, en la Estación Paiva y en la Estación Caracolí (Departamentos de Bolívar y Atlántico);2020;SANTA ROSA;BOLÍVAR
Augusto Oyuela-Caycedo and Renée M. Bonzani;San Jacinto 1 A historical ecological approach to an archaic site in Colombia;2005;SAN JACINTO;BOLÍVAR
Baquero M., Alvaro F.;Prospección Arqueológica para la reubicación de la subestación eléctrica y cuatro (4) Kms de tramo de líneas de transmisión eléctrica en el Carmen de Bolívar, Departamento de Bolívar;2014;EL CARMEN DE BOLÍVAR;BOLÍVAR
Behar Asís, David;Excavaciones arqueológicas en las fincas Padula y Emperatríz (Bolívar). Tesis de pregrado inédita, Departamento de Antropología, Universidad de los Andes, Bogotá.;1976;EL CARMEN DE BOLÍVAR;BOLÍVAR
Bernal González, Clara O. y Gemma Orjuela Orjuela;Prospección arqueológica en el municipio de Tubará, departamento de Bolívar. Tesis de pregrado inédita, Departamento de Antropología, Universidad Nacional de Colombia, Bogotá.;1994;TURBANA;BOLÍVAR
Bolaños Gómez, Gustavo Adolfo;Propuesta para la implementación y ejecución de un programa de arqueología preventiva y un plan de manejo arqueológico durante las obras del proyecto de restauración integra del hostal Doña Manuela, municipio de Santa Cruz de Mompox, departamento d;2017;MOMPÓS;BOLÍVAR
Botero Arcila, Silvia H.;Informe de prospección arqueológica Proyecto Columbus. Argos, Cartagena.;2008;TURBANA;BOLÍVAR
Botiva Contreras, Álvaro;Informe de la comisión a la ciudad de Magangué, Bolívar. ICANH, Bogotá.;1998;MAGANGUÉ;BOLÍVAR
Bustamante Clavijo, Fernando;Prospección y formulación del plan de manejo arqueológico para el proyecto las nuevas subestaciones Bolívar 110 Kv, Nueva Bayunca 110 Kv y obras asociadas, informe final.;2017;SANTA ROSA;BOLÍVAR
Cardona Velásquez, Luis Carlos;Prospección y formulación del plan de manejo arqueológico para La Mina Cimaco, municipio de Turbana, departamento de Bolívar. Informe final;2015;TURBANA;BOLÍVAR
Castellanos R., Ciro A.;Prospección arqueológica y elaboración del plan de manejo arqueológico del proyecto de minería a cielo abierto La Coqueta, a desarrollarse en el municipio de Turbaco, Departamento de Bolívar;2015;TURBACO;BOLÍVAR
Chacín Lara, Regina;Dimensionamiento arqueológico del sitio K 2+050: gasoducto Ayombe-Guepaje 1. Petrobras Colombia Limited, Bogotá.;1999;CÓRDOBA;BOLÍVAR
Correal Urrego, Gonzalo;Informe sobre un reconocimiento: exploración en los sitios de Paricuica y Soplaviento, departamento de Bolívar. ICAN, Bogotá.;1980;TURBANA;BOLÍVAR
Cuéllar Sánchez, Mayra Constanza;Interacción cultural en el corredor costero programa de arqueología preventiva para 15 zodmes localizados en los tramos 5,6 y 7 de la Ruta del Sol, municipios del Carmen de Bolívar (Bolívar), Plato y Ariguaní (Magdalena), etapa de prospección arque;2016;EL CARMEN DE BOLÍVAR;BOLÍVAR
Diana Rocio Carvajal Contreras;Conchero del Sector de La Islita, Barrio El Pozón, Cartagena, D.T., Bolivar;2019;CARTAGENA DE INDIAS (Distrito Turístico y Cultural);BOLÍVAR
Dussan de Reichel, Alicia;Crespo: un nuevo complejo arqueológico del norte de Colombia. Revista Colombiana de Antropología 3: 173-188.;1954;CARTAGENA DE INDIAS (Distrito Turístico y Cultural);BOLÍVAR
González Fernández , Víctor;Estudio de la economía de un conchero de la costa norte: Puerto Chacho, visto como sistema adaptativo. Universidad de los Andes, Bogotá.;1990;ARJONA;BOLÍVAR
González, Claudia I. y Erick J. Poveda Matallana;Rescate arqueológico sitio Voyaverla Km 2+050 gasoducto Ayombe-Guepaje. ICAN, Bogotá.;2000;CÓRDOBA;BOLÍVAR
Guillermo Ramírez Calderón, Constanza Carrera Sierra, Natalia Ávila, Angie Vanessa Maldonado, Cindy Osorio, Gabriel Hernández;Prospección arqueológica para 62,13 hectáreas destinadas a 9 polígonos del estudio de impacto ambiental para la modificación de licencia ambiental del proyecto conexión Magangué, Yatí, La Bodega, municipios de Magangué - Bolívar y Santa Ana - M;2017;MAGANGUÉ;BOLÍVAR
Gustavo Ramos;Programa de arqueología preventiva : reconocimiento y prospección arqueológica para adecuación de zonas de depósito de material excedente (zodmes), planta de trituración y asfalto mucacal y construcción del ramal de intersección cruz del viso, as;2018;MARIA LA BAJA;BOLÍVAR
Gutiérrez, Javier y Sanchéz, Ancizar.;Reconocimiento, prospección y plan de manejo arqueológico para la construcción y ampliación del Puerto Marítimo de Mamonal. Puerto Mamonal S.A. Biodesa, s.i..;2010;CARTAGENA DE INDIAS (Distrito Turístico y Cultural);BOLÍVAR
Henning Bischof;The origins of pottery in South America-Recent radiocarbon dates from Southwest Ecuador. Atti del XL congresso internazionale degli americanisti. Roma, Genova. Volumen 1: 269-281;1972;CARTAGENA DE INDIAS (Distrito Turístico y Cultural);BOLÍVAR
Hernandez V., Gabriel R.;Programa de arqueología preventiva para la construcción de 39,9 kilómetros del subtramo vial Yondó (Antioquia) - Cantagallo (Bolívar) tramo 11 sector 1. Fase de Prospección y plan de manejo arqueológico;2015;CANTAGALLO;BOLÍVAR
Jorge E. Zuluaga Castro;Reconocimiento y prospección arqueológica del área de influencia directa del proyecto, estudios y diseños de prevención para la construcción del establecimiento complejo penitenciario y carcelario y reclusión de mujeres de Cartagena, Bolívar. Inf;2008;CARTAGENA DE INDIAS (Distrito Turístico y Cultural);BOLÍVAR
Jorge Zuluaga Castro;Prospección arqueológica a la construcción de la línea eléctrica de 220 KV del proyecto Cartagena – bolívar UPME-05-2012. Municipios de Cartagena, Turbaco y Santa Rosa, Bolívar;2018;CARTAGENA DE INDIAS (Distrito Turístico y Cultural);BOLÍVAR
Judith Hernández Bacca;Reconocimiento arqueológico en la Refinería de Cartagena (Lotes 1, 34 y 52), Bolívar. Refinería de Cartagena, s.i.;2008;CARTAGENA DE INDIAS (Distrito Turístico y Cultural);BOLÍVAR
Karina Macías;INFORME FINAL - RECONOCIMIENTO Y PROSPECCIÓN ARQUEOLÓGICA DE 485,17 HA DE LOS TÍTULOS MINEROS 9343, 9344, 9345, 18393, 22426, 12909, Y QUE INCLUYEN, EL ÁREA DE INFRAESTRUCTURA Y EQUIPOS, LA BANDA TRANSPORTADORA DE MATERIAL, Y SUS VÍAS ASOCIADAS, MUN;2020;TURBANA;BOLÍVAR
Langebaeck Rueda, Carl Henrik;Implementación del plan de manejo arqueológico para el proyecto urbanístico serena del mar Cartagena.;2018;CARTAGENA DE INDIAS (Distrito Turístico y Cultural);BOLÍVAR
Langebaek Rueda, Carl Henrik;Prospección arqueológica , diagnóstico y propuesta de plan de manejo arqueológico para el proyecto Serena del Mar, apertura de la boca de los manzanillos y servicios marinos ambientales en la ciénaga de Juan Polo, Cartagena de Indias, Bolívar, arqu;2016;CARTAGENA DE INDIAS (Distrito Turístico y Cultural);BOLÍVAR
Legros, Thierry;Consideraciones sobre Puerto Chacho, un conchero de las llanuras del caribe colombiano. Memorias del Simposio de Arqueología y Antropología Física, Congreso Nacional de Antropología 5: 67-78. Bogotá.;1989;CARTAGENA DE INDIAS (Distrito Turístico y Cultural);BOLÍVAR
Londoño Díaz, Wilhelm;Programa de rescate y monitoreo arqueológico del templo de San Antonio de Padua, Simití, Bolívar. Informe final.;2016;SIMITÍ;BOLÍVAR
Martínez Q., Victor A.;Reconocimiento y prospección para el Puente Río Cimitarra y accesos de la Concesión TRANSVERSAL DE LAS AMERICAS Sector 1 Tramo 11, situado entre el K8+857 al K11+641,25, de vía Catagallo-Río Cimitarra-San Pablo-Sintí. Departamento de Bolívar;2015;SAN PABLO;BOLÍVAR
Moscoso, Oscar y Luis López;Programa de rescates y monitoreos arqueológicos de la línea a 500 Kv Bolívar-El Copey-Ocaña, Primavera y obras asociadas. Universidad de Antioquia, Medellín.;2007;SAN ESTANISLAO;BOLÍVAR
Pablo Fernando Pérez;Prospección Arqueológica Gasoducto Del Sur Municipios De Ovejas, San Pedro, Since, San Juan de Betulia, Corozal, Morroa, Sincelejo, Toluviej y San Onofre. Departamento de Sucre Y María La Baja, Arjona, Turbana y Cartagena departamento de Bolívar.;2014;MARIA LA BAJA;BOLÍVAR
Pedro Ignacio Rodríguez;Reconocimiento, prospección y plan de manejo arqueológico para la construcción de la plataforma Campano (Ape Samán), corregimientos de Canutalito y El Salado municipios de Ovejas y Carmen de Bolívar, Sucre y Bolívar;2014;EL CARMEN DE BOLÍVAR;BOLÍVAR
Quintana Urrea, Leonardo I.;La Isla de la Mantequera: un yacimiento arqueológico en la Ciénaga de Simití. Boletín de Arqueología 19: 25-71.;2004;SIMITÍ;BOLÍVAR
"Quintana Urrea, Leonardo Iván; Castro H., Jeannette Lucia; ; Montenegro P., Ernesto";Estudios antropológicos y arqueológicos en el municipio de Simití;1995;SIMITÍ;BOLÍVAR
Reichel Dolmatoff, Gerardo;Excavaciones arqueológicas en Puerto Hormiga (departamento de Bolívar). Universidad de los Andes, Bogotá.;1965;ARJONA;BOLÍVAR
Reichel Dolmatoff, Gerardo;Monsú, un sitio arqueológico. Banco Popular, Bogotá.;1985;TURBANA;BOLÍVAR
Reichel Dolmatoff, Gerardo;Excavaciones en los conchales de la Costa de Barlovento. Revista Colombiana de Antropología 4: 249-272.;1955;CARTAGENA DE INDIAS (Distrito Turístico y Cultural);BOLÍVAR
Reichel Dolmatoff, Gerardo y Alicia de Reichel Dolmatoff;Contribuciones a la arqueología del Bajo Magdalena (Plato, Zambrano, Tenerife). Universidad del Atlántico, Instituto de Investigación Etnológica, Barranquilla.;1954;ZAMBRANO;BOLÍVAR
Restrepo Lotero, Jhon Freddy;Programa de arqueología preventiva reconocimiento y prospección arqueológica para la Concesión Temporal Mucanal SDS-10151 (EN 148 HA) y vía de acceso. Municipio de María La Baja, Departamento de Bolívar Construcciones el Condor S.A. – Corumar.;2018;MARIA LA BAJA;BOLÍVAR
Restrepo Lotero, Jhon Freddy;Reconocimiento y prospección arqueológica para el mejoramiento vial de la unidad funcional 8 subsector 8,3 tramo San Onofre PR 0+000, Cruz del Vizo PR 58+700, municipios de San Onofre, María La Baja y Mahates, departamentos de Sucre y Bolívar.;2017;MAHATES;BOLÍVAR
Rey Morales, Fabio;Informe final exploración arqueológica en los Montes de María, Bloque Quipú, departamento de Bolívar, municipio de Córdoba. Hocol, Bogotá.;2009;CÓRDOBA;BOLÍVAR
Rey Morales, Fabio;Informe final exploración arqueológica en los Montes de María Bloque Samán. Auditoría Ambiental, s.i.;2009;CÓRDOBA;BOLÍVAR
Rodríguez T., Elkin E.;"Prospección arqueológica sistemática en las zonas para depósitos de material estéris (zodme) ""D5-54, D6-16, D6-22, y D6-71"" y las zonas de cantera para extracción de material triturado ""el copo y Santa Lucia"" localizadas en inmediaciones de los mun";2015;ZAMBRANO;BOLÍVAR
Rodríguez, Camilo, Thierry Legros y Christophe Pauly;El formativo de la costa Caribe colombiana. Informe científico. ICAN, Bogotá.;1987;TURBANA;BOLÍVAR
Romero P., Yuri;Monitoreo y actividades de salvamento arqueológico en las obras de recuperación del espacio público Plaza San Francisco y Carrera Primera sector Albarrada Norte. Mompox (Bolívar). Programa de arqueología rpeventiva;2014;MOMPÓS;BOLÍVAR
Romero P., Yuri;Monitoreo y actividades de salvamento arqueológico en las obras de recuperación del espacio público plaza santa bárbara y carreta primera sector Albarrada Sur. Mompox (Bolívar). Programa de Arqueología Preventiva;2014;MOMPÓS;BOLÍVAR
Romero P., Yuri;Monitoreo y Actividades de Salvamento Arqueológico en las Obras de Recuperación del Espacio Público Agueda Gallardo y víass Perimetrales. Pamplona (Norte de Santander). Programa de Arqueología Preventiva;2015;MOMPÓS;BOLÍVAR
Villada Cardozo, Diana Cristina;Programa de arqueología preventiva proyecto de explotación minera de arena y grava concesión minera No.0303: corregimiento de Arroyogrande, Distrito de Cartagena, Departamento de Bolívar. Informe final;2014;CARTAGENA DE INDIAS (Distrito Turístico y Cultural);BOLÍVAR
Villamizar Rincón, María;Excavaciones arqueológicas en Los Patios, Bolívar. Tesis de pregrado inédita, Departamento de Antropología, Universidad de los Andes, Bogotá.;1972;ALTOS DEL ROSARIO;BOLÍVAR
Acevedo Z., Jorge L.;Proyecto de Prospección Arqueológica y Formulación del Plan de Manejo Arqueológico. Línea de Distribución a 12.5 Kv Subestación Transelca-Estación de Rebombeo El Copey. Departamento del Cesar;2015;EL COPEY;CESAR
Aguilar Díaz, Miguel Alejandro;Reconocimiento, prospección y plan de manejo arqueológico de 20 áreas a utilizar como fuentes de material para la construcción del tramo Puerto Salgar (Cundinamarca) - San Roque (Cesar) de la doble calzada Ruta del Sol;2013;PAILITAS;CESAR
Alvarez G., Celia C.;Reconocimiento y Prospección Arqueológica para la transveral Río de Oro - Aguaclara - Gamarra, Áreas de Botaderos, Campamentos y Fuentes de Materiales. Municipios de Gamarra, Aguachica y Río de Oro - Departamento del Cesar;2015;AGUACHICA;CESAR
Álvarez Ginez, Celia Consuelo;Reconocimiento y prospección arqueológica para la transversal Río de Oro – Aguaclara – Gamarra, zodmes o áreas de botaderos, campamentos y fuente de materiales, municipios de Gamarra, Aguachica y Río de Oro, departamento del Cesa;2015;RÍO DE ORO;CESAR
Ancizar Sánchez Urriago;Programa de arqueología preventiva para la ampliación de los corredores entre las plataformas acordionero 2 a acordionero 1-3, acordionero 1-3 a acordionero 6 y acordionero 4 a mochuelo 1 (líneas eléctricas y de flujo, 7,81 ha), municipio de San Mart;2018;SAN MARTÍN;CESAR
Angela M. Osorio León;Prospección Arqueológica Bloque Exploratorio La Loma. Geoingeniería, Bogotá.;2007;CHIRIGUANÁ;CESAR
Angela Osorio León;Prospección arqueológica para la modificación de la licencia ambiental del poliducto pozos colorados, Ayacucho - Galán. Geoingenieria - Ecopetrol, Bogotá.;2010;CURUMANÍ;CESAR
Arias H., Maryori N.;Programa de Arqueología preventiva para el pozo exploratorio dragón 1 municipio de San Martín, departamento de Cesar. Fase de prospección y plan de manejo arqueológico;2014;SAN MARTÍN;CESAR
Bernal Ruiz, Fernando;Rescate arqueológico Km. 314 gasoducto Ballena, Barrancabermeja. Ecopetrol, Bogotá.;1995;CURUMANÍ;CESAR
Bernal Ruiz, Fernando;Rescate arqueológico KM. 425+500: gasoducto Ballena, Barrancabermeja. Ecopetrol, Bogotá.;1996;AGUACHICA;CESAR
Bernal V., Alejandro;Propuesta de Prospección Arqueológica para las tres opciones de vía de acceso al Pozo Exploratorio Mochuelo 1, veredas La Pajuila y La Banca Torcoroma Municipio de San Martín. Departamento de Cesar;2014;SAN MARTÍN;CESAR
Caro Cubillos, Bibiana;Prospección arqueológica Pozo Arjona 1. Geogol.;2006;ASTREA;CESAR
Castellanos de Sanint, Zaida;Excavaciones en San Alberto, departamento del Cesar. Tesis de pregrado inédita, Departamento de Antropología, Universidad de los Andes, Bogotá.;1975;RÍO DE ORO;CESAR
Castellanos Rodríguez, Ciro A.;Informe de prospección arqueológica proyecto gasífero Bloque Arjona Astrea (Cesar)-Pijiño del Carmen (Magdalena). Geocol, Bogotá.;2009;ASTREA;CESAR
Choperena T., Luis C.;Reconocimiento y prospección para la formulación del an de manejo arqueológico correspondiente a la construcción de la línea de flujo Toposi-Caramelo-Plee y el emplazamiento de la plataforma multipozos Toposi;2014;AGUACHICA;CESAR
Cifuentes Toro, Arturo y Roberto Escobar Borrero;Prospección arqueológica mina La Francia y La Francia 2, municipio de El Paso y Becerríl. Carbones del Cesar, Bogotá.;2008;BECERRIL;CESAR
Corporación Gaia;Ampliación de la subestación Copey: Proyecto refuerzo Costa Caribe 500kv Departamento del Cesar;2018;EL COPEY;CESAR
Drummond LTDA;Reconocimiento arqueológico del área de operación minera. Drummond, Bogotá.;1990;LA JAGUA DE IBIRICO;CESAR
Elkin Eduardo Rodríguez Triviño, Francisco Barranco Sánchez y Juan Carlos Agudelo;Programa de arqueología preventiva. Proyecto minero El Descanso Zona Sur, Rincón Hondo y Similoa. Reconocimiento arqueológico sistemático en las áreas de concesión minera El Descanso Zona Sur, Rincón Hondo y Similoa, municipios de Chiriguaná y La;2010;CHIRIGUANÁ;CESAR
Enrique Campo Mier, Carlos Alfonso Orjuela;Proyecto de arqueología preventiva Poliducto pozos Colorados- Ayacucho- Estación Galán;2010;EL COPEY;CESAR
Franco E., Alexander A.;Monitoreo Arqueológico para el Área de Intervención relacionadas con las actividades de relocalización de Arroyo Caimancito y Avance de Botadero Norte de la Mina Calenturitas. Becerril, Cesar;2015;BECERRIL;CESAR
Henao Parra, Nataly;Prospección y reconocimiento arqueológico para contrato de concesión No. EDP-141, otorgado a la señora Clara Patricia Gaitán, municipio de La Paz, departamento del Cesar. s.e., Medellín.;2010;VALLEDUPAR;CESAR
Johana del Pilar González González;Diagnostico y prospección arqueológica de dos canteras ubicadas en el departamento del Cesar. Valencia de Jesus (8 hectareas) ubicadas en el corregimiento de Aguas Blancas y Rincón Hondo (11 hectareas) ubicada en el municipio de Curumani.;2019;CURUMANÍ;CESAR
John Alexander González Larrotta, Mario Amaya, Valentina Berardinelli, Diana Mendoza León, Melissa Morán, Julio Rodríguez, Karem Rodríguez, Lorena Tapasco.;Prospección arqueológica de la doble calzada e infraestructura asociada proyecto vial Ruta del Sol sector 3, tramos 3, 4, 8 y 9: Informe final;2015;EL COPEY;CESAR
Jorge E. Tovar;Prospección arqueológica en la autorización temporal rg-809041 (Bizerta) en Bosconia-Cesar;2019;BOSCONIA;CESAR
Jorge E. Tovar T.;Primera fase del programa de arqueología preventiva (prospección) en el Parque Fotovoltaico La Loma (150 mw) y la línea de conexión a la subestación La Loma. El Paso (Cesar);2019;EL PASO;CESAR
Juan Carlos Rubiano Carvajal;Programa de arqueología preventiva, para la ampliación de la Plataforma Acordionero 4. Municipio de San Martin – Departamento del Cesar.;2018;SAN MARTÍN;CESAR
Juan Carlos Rubiano Carvajal;Programa de arqueología preventiva para el área de perforación exploratoria Piranga y su vía de acceso. Municipios de Aguachica y Rio de Oro- Departamento del Cesar. Fase de prospección y plan de manejo arqueológico;2019;AGUACHICA;CESAR
KENNY JAVIER CALDERÓN CORREDOR;PROGRAMA DE ARQUEOLOGÍA PREVENTIVA PARA LA PLATAFORMA SOUTH WEST (4,12 Ha). MUNICIPIO DE SAN MARTÍN, CÉSAR. FASE DE PROSPECCIÓN Y FORMULACIÓN DEL PLAN DE MANEJO ARQUEOLÓGICO.;2020;SAN MARTÍN;CESAR
Luis Carlos Choperena Tous;"Ejecución del plan de manejo arqueológico para el campo Tisquirama: áreas de los clústers 5, 7 y 15-18; de la línea mecánica entre los clústers 7 y 21-22; de tres tramos de la línea eléctrica de 24.5 Kv; de la vía de acceso al clúster 15-18 y";2019;SAN MARTÍN;CESAR
Luis Carlos Choperena, German David Vega Arevalo;Prospección y plan de manejo arqueológico para la zodme N°2, Campo Tisquirama- San Roque. Municipio de San Martin, Cesar.;2019;SAN MARTÍN;CESAR
Luis Hermes Hernández Parra;Programa de arqueología preventiva. Etapa de prospección. Estudio de impacto ambiental para la unidad funcional integral 7, subsector 2-construcción de una nueva vía bidireccional (variante) entre el municipio de San Diego y la vía La Paz, Valledupa;2017;LA PAZ;CESAR
Luisa María Nivia Vargas;Programa De Arqueología Preventiva Para El Corredor De Las Facilidades Lineales Asociadas A La Plataforma South West (7,05ha). Municipio De San Martín (Cesar). Fase De Prospección Y Formulación Del Plan De Manejo Arqueológico.;2020;SAN MARTÍN;CESAR
Mayra Cuellar Sánchez;Programa de arqueología preventiva para la Plataforma Gaitas y el corredor para su vía de acceso y facilidades lineales (12,59 ha). Municipio de San Martín, César. Fase de prospección y formulación del plan de manejo arqueológico;2019;SAN MARTÍN;CESAR
Miguel Hernández, Liliana Londoño;INGENIERÍA BÁSICA DE LÍNEAS DE TRANSMISIÓN, SUBESTACIONES, FACTIBILIDAD AMBIENTAL, SOCIAL Y PREDIAL DEL PROYECTO STR LA LOMA- LA JAGUA, 110 KV ING. DETAL;2019;EL PASO;CESAR
Mónica Cecilia Bran Pérez;Programa de arqueología preventiva PAP, reconocimiento y prospección arqueológica para el área de construcción de la central termoeléctrica La Luna y sus obras asociadas, 52,78 Ha, y una línea a 500 Kv de 12 Km, municipio de El Paso, Cesar, inform;2017;EL PASO;CESAR
Mónica Cecilia Bran Pérez;Programa de arqueología preventiva (PAP) prospección arqueológica línea de trasmisión doble circuito la luna - La Loma 500 kv (11 KM) municipio el paso, departamento de el Cesar;2018;EL PASO;CESAR
Osorio R., Katherine A.;Prospección arqueológica para el área de intervención relacionada con la modificación y actualización del an de manejo ambiental a 5 años de la mina Calenturitas y realineamiento de vía. Municipios de Becerril y la jagua de Ibirico, Cesar;2014;EL PASO;CESAR
Pérez R., Pablo F.;Prospección arqueológica área aledaña al pozo Mono Araña 1. Finca el Paraíso, corregimiento el Juncal, municipio de Aguachica, Departamento del Cesar;2013;AGUACHICA;CESAR
Piedad Marcela Jaramillo Nieto;Prospección arqueológica interconexión Cuestecitas - Copey - Fundación 500/220 mil voltios: convocatoria pública UPME 09-2016: informe final;2019;EL COPEY;CESAR
Ramirez C., Guillermo;Prospección Arqueológica para la Línea de transmisión Aguachica Ayacucho a 11Kv, con una longitud de 43 kilómetros (136 torres) y las respectivas subestaciones Ayacucho (0,120315) y Aguachica (0,718284);2015;AGUACHICA;CESAR
Reichel Dolmatoff Gerardo;La Mesa: un complejo arqueológico de la Sierra Nevada de Santa Marta;1959;VALLEDUPAR;CESAR
Reichel Dolmatoff, Gerardo;La cueva funeraria de La Paz (presentación preliminar). Boletín de Arqueología 2: 403-412.;1946;LA PAZ;CESAR
Reichel Dolmatoff, Gerardo;Arqueología del río Cesar. Boletín de Arqueología 3 (1-6): 209-290.;1951;LA PAZ;CESAR
Reichel Dolmatoff, Gerardo;Investigaciones arqueológicas en el departamento del Magdalena, Colombia;1954;CHIMICHAGUA;CESAR
Restrepo Lotero, John.;Prospección y reconocimiento arqueológico: Cantera finca Bella Cruz, Contrato de concesión KET-15521, Municipio La Gloria, Departamento de Cesár. s.e., s.i.;2010;LA GLORIA;CESAR
Restrepo Lotero, John.;Estudio de los contextos socioespaciales y ambientales asociados a los recursos hídricos en tres áreas de explotación minera. Prospección y reconocimiento arqueológico para el estudio de impacto ambiental en los Contratos de Concesión Minera No. JD;2010;EL COPEY;CESAR
Rivera, Javier, Guillermo Ramírez, Juan C. Vasquez, Tatiana Ome y Juan P. Cruz;Prospección arqueológica en la mina Calenturitas, municipio de La Jagua de Ibirico y La Loma, departamento del Cesár, informe final. Fundación Terra Firme, Bogotá.;2008;BECERRIL;CESAR
Rubiano C., Juan C.;Prospección Arqueológica para las Variantes de Los Centros Poblados de los Tramo 4 y 7 del Sol: La Gómez (Santander), Tropezón (Norte de Santander), La Palma, Pelaya, La Floresta, el Burro, Pailitas, Las Vegas y Curumaní;2015;SAN ALBERTO;CESAR
Rubiano Carvajal, Juan Carlos;Programa de arqueología preventiva para la plataforma Multipozo Sur del Campo Acordionero. Municipio de San Martin – Departamento del Cesar;2018;SAN MARTÍN;CESAR
Sánchez Urriago, Ancizar;Programa de arqueología preventiva para tres áreas del campo de producción acordionero (ampliación de la bateria acordionero 1-3, ampliación zona de cargadero y corredor para la conexión al oleoducto Cenit- TGI - 8,94 Ha), municipio de San Martín;2018;SAN MARTÍN;CESAR
Sepúlveda Giraldo, Samuel Leandro;"Prospección y Plan de Manejo Arqueológico para las áreas de los clusters 5, 7, 15 – 18 y TEA estación Tisquirama; de la línea mecánica entre los clusters 7 y 21 – 22; de tres tramos de la línea eléctrica de34,5 Kv; de la vía de acceso al clu";2018;SAN MARTÍN;CESAR
Tovar T., Jorge;Prospección arqueológica en la concesión minera 0260-20 para extracción de materiales de arrastre. Becerril, Cesar.;2015;BECERRIL;CESAR
Tovar T., Jorge E.;Prospección Arqueológica en las minas de las concesiones 0029-44 (San Juan del Cesar-Guajira) y 032-20 (Manaure-Cesar);2015;MANAURE BALCÓN DEL CESAR;CESAR
Tovar Torres, Jorge E., Carlos A. Cuervo y Juan F. Pérez Díaz;Prospección arqueológica del área de contrato minero El Descanso, Zona Norte. GeoIngeniería, Drummond, Bogotá.;2008;BECERRIL;CESAR
Wynn, Jack.;Informe preliminar del proyecto arqueológico Buritaca-Tayrona;1973;TAMALAMEQUE;CESAR
Judith Hernandez Bacca;Programa de arqueología preventiva. Variante Coveñas entre el K0+000 al K20+671 (UFI 7.2), Municipios de Coveñas, Santiago de Tolú, Palmito (Sucre) y San Antero (Córdoba). Fase de prospección y plan de manejo arqueológico.;2018;SAN ANTERO;CÓRDOBA
John Freddy Restrepo Lotero;Reconocimiento y prospección arqueológica para la unidad industrial Aguas Vivas municipio de Ciénaga de Oro, departamento de Córdoba autopistas de La Sabana, S.A. informe final;2015;CIÉNAGA DE ORO;CÓRDOBA
Santa Ríos, Tatiana;Ejecución del plan de manejo arqueológico para el proyecto de expansión minera La Esmeralda, Cerro Matoso S.A.;2016;PUERTO LIBERTADOR;CÓRDOBA
Hernández Parra, Luis H.;Excavaciones arqueológicas parciales en el área de Urra I alto Sinú, departamento de Córdoba. ICAN, Bogotá.;1997;MONTERÍA;CÓRDOBA
Mora González, Luz M.;Reconocimiento arqueológico en el medio y bajo Sinú y la región costera entre Arboletes y San Bernardo del Viento. ICAN, Medellín.;1996;MONTERÍA;CÓRDOBA
Reichel Dolmatoff, Gerardo;Reconocimiento arqueológico en la Hoya del rio Sinú. Revista Colombiana de Antropología 6: 31-160.;1957;SAN BERNARDO DEL VIENTO;CÓRDOBA
Luisa María Nivia Vargas;Implementación del plan de manejo arqueológico construcción de la línea de transmisión a 230 kv Chinú - Montería y las subestaciones Nueva Chinú y Montería, departamento de Córdoba: Informe final;2018;CHINÚ;CÓRDOBA
Botiva, Álvaro;Arqueología de rescate Oleoducto Vasconia-Coveñas. Un viaje por el tiempo a lo largo del oleoducto: cazadores-recolectores, agroalfareros y orfebres. Oleoducto de Colombia, Bogotá.;1994;SAHAGÚN;CÓRDOBA
Bran Pérez, Mónica Cecilia;Programa de arqueología preventiva PAP, implementación del plan de manejo arqueológico, Fase de monitoreo y capacitación de personal, proyecto de conexión Puerto Libertador, Montelíbano, municipios de Puerto Libertador, San José de Ure y Montelíb;2017;PUERTO LIBERTADOR;CÓRDOBA
Lenin David Campo Morales;Implementación del plan de manejo arqueológico para el gasoducto Jobo – Majaguas, 6 patios de acopios, 6 realineamientos y la variante mata de caña (departamento de Córdoba y Sucre).: Informe final;2020;CHINÚ;CÓRDOBA
Jhon Freddy Restrepo Lotero;Reconocimiento y prospección arqueológica contrato de concesión temporal RFD-09221, sobre 39,5 Ha, municipio de Planeta Rica, departamento de Córdoba.;2017;PLANETA RICA;CÓRDOBA
Botiva Contreras, Álvaro;El Alto Sinú: 17 siglos de asentamiento ribereño. ICAN, Bogotá.;1987;TIERRALTA;CÓRDOBA
Enciso Ramos, Braida E., Luis H. Hernández, Viviana Salazar y Héctor Guzmán;Prospección arqueológica en áreas de reasentamiento de la empresa Urra S. A. ICAN, Bogotá.;1995;TIERRALTA;CÓRDOBA
Enciso Ramos, Braida E.;Monitoreo y reconocimiento arqueológico en las zonas de construcción y de embalse de las obras civiles del proyecto multipropósito Urra I. 2 vols. ICAN, Bogotá.;1995;TIERRALTA;CÓRDOBA
Regina Chacín Lara;Prospección arqueológica de siete (7) estaciones del Gasoducto Cusiana-Coveñas;2011;PUEBLO NUEVO;CÓRDOBA
Sebastián Fajardo;Monitoreo arqueológico en la zona de influencia de las nuevas estaciones Páez (Páez, Boyacá), Chiquillo (Remedios, Antioquia) y la Granjita (Pueblo Nuevo, Córdoba) del proyecto P-135 de Ocensa.: Informe final;2015;PUEBLO NUEVO;CÓRDOBA
Correal Urrego, Gonzalo;Exploraciones arqueológicas en la Costa Atlántica y Valle del Magdalena. Sitios precerámicos y tipologías líticas. Caldasia 11(55): 35-128.;1977;TIERRALTA;CÓRDOBA
Espinoza, Amparo y Guillermo Casasbuenas;Asentamientos prehispánicos en el alto río Sinú. Departamento de Córdoba. Banco de la República, Bogotá.;1983;TIERRALTA;CÓRDOBA
Villanueva Tamayo, Jessica Evelin;Programa de arqueología preventiva: reconocimiento y prospección arqueológica para el mejoramiento vial de las unidades funcionales integrales 6.2: vía existente entre los municipios de Lorica y San Antero en el departamento de Córdoba y Coveñas de;2018;SAN ANTERO;CÓRDOBA
Giraldo Duque, Ana Isabel;Ejecución del plan de manejo arqueológico para el proyecto subestación Cereté 110 Kv y línea de transmisión asociada, departamento de Córdoba.;2018;CERETÉ;CÓRDOBA
Ricardo Ruiz Álvarez;Prospección arqueológica para la intervención minera, modificación del plan de manejo ambiental TM 4676, mina La Guacamaya- Modulo G oriental, Municipio de Puerto Libertador, Departamento de Córdoba.;2018;PUERTO LIBERTADOR;CÓRDOBA
Plazas, Clemencia, Ana M. Falchetti, Juanita Sáenz y Sonia Archila;La sociedad hidráulica Zenú. Estudio arqueológico de 2000 años de historia en las llanuras del Caribe colombiano. Banco de la República, Bogotá.;1993;BUENAVISTA;CÓRDOBA
Plazas, Clemencia y Ana M. Falchetti;Investigaciones arqueológicas en el río San Jorge. Boletín Museo del Oro 2: 1-18.;1980;AYAPEL;CÓRDOBA
Tovar T., Jorge E. y Cristian A. Marulanda O.;Prospección arqueológica en el bloque Esperanza, Pueblo Nuevo & Sahagún-Córdoba. GEOPRODUCTION OIL & GAS COMPANY OF COLOMBIA, Bogotá.;2010;PUEBLO NUEVO;CÓRDOBA
Reichel-Dolmatoff, Gerardo y Alicia;Momil. Excavaciones en el rio Sinu. Revista de Antropologia, Vol. 5, Bogotá.;1958;PURÍSIMA;CÓRDOBA
Jorge Enrique Tovar Torres;Prospección arqueológica en la línea de flujo entre el pozo Clarinete-1 y la estación El Jobo. La Unión (Sucre) y Sahagún (Córdoba).;2015;SAHAGÚN;CÓRDOBA
INERCO Consultoría Colombia;Formulación plan de manejo arqueológico para 6 patios de acopio y 6 realineamientos del gasoducto Jobo-Majaguas;2019;SAHAGÚN;CÓRDOBA
Camilo Díaz Pardo;Prospección y plan de manejo arqueológico en un área del proyecto de generación termoeléctrica a carbón en zona minera del municipio de Puerto Libertador- Córdoba.;2018;PUERTO LIBERTADOR;CÓRDOBA
Jose David Gonzalez Bejarano;Programa de Arqueología Preventiva para la Línea de flujo Arandala (Breva) – Betania en el Bloque de Explotación Y Desarrollo Esperanza (4km), en los municipios de Sahagún Y Pueblo Nuevo, Departamento de Cordoba. Etapa de Prospección.;2020;PUEBLO NUEVO;CÓRDOBA
Piedad Marcela Jaramillo Nieto, Yenny Paola Valencia García;Reconocimiento y prospección arqueológica enmarcados en el estudio de impacto ambiental del contrato de concesión minera JAF-08091 para la explotación de arenas, gravas naturales y silíceas y demás concesibles;2016;TIERRALTA;CÓRDOBA
Santiago Martínez Restrepo;"Modificación estudio de impacto ambiental EIA, para el proyecto ""Construcción, operación y mantenimiento LOOP San Mateo, Mamonal";2018;SAHAGÚN;CÓRDOBA
Álvarez Correa, Jessica Natalia;Programa de arqueología preventiva, reconocimiento, prospección y plan de manejo arqueológico para el pozo exploratorio Arrecife, informe final, municipio de Pueblo Nuevo, departamento de Córdoba.;2017;PUEBLO NUEVO;CÓRDOBA
Garavito Amado, Diana M. Henao, Juan Esteban y Viviana Castelblanco;Estudio de impacto ambiental EIA, para la conexión Antioquia, Medellín, Ancón Sur y líneas de transmisión asociadas a 500/230 Kv, informe final.;2017;SAHAGÚN;CÓRDOBA
Ewilberth Guzmán Sarmiento;Fase de prospección arqueológica y formulación del plan de manejo arqueológico para el área del proyecto fotovoltaico Parque Solar Planeta Rica (60 HA): informe final;2019;PLANETA RICA;CÓRDOBA
Hernando Javier Giraldo;Prospección arqueológica planta de gas natural licuado GNL, municipio de Sahagún, departamento de Córdoba, Altenesol Colombia S.A.S.: Informe final;2015;SAHAGÚN;CÓRDOBA
Carolina Imbol Rua, Juan Pablo Diez Ramírez;Programa de Arqueología Preventiva (P.A.P) - Reconocimiento y Prospección Arqueológica para el Proyecto Parque Ambiental Verde Los Cerros-Centro de Tratamiento de Residuos Sólidos (CTRS), con un área de (53,5364 HA), en el municipio de Montería-Có;2019;PLANETA RICA;CÓRDOBA
Restrepo Lotero, John Freddy;Prospección arqueoloógica doble calzada adosada vía El Quince - Montería entre el K34+950 al K49+600, municipio de Montería, departamento de Córdoba;2015;MONTERÍA;CÓRDOBA
John F. Restrepo Lotero;Reconocimiento y prospección arqueológica de la gran variante perimetral, Concesión Vial Al Mar en los tramos 7.0 kms entre San Antero y Coveñas, 2.2 kms Coveñas, 2.9 kms Santiago de Tolú y 4.0 kms Lorica. Departamento de Córdoba y Sucre;2019;PURÍSIMA;CÓRDOBA
Restrepo Lotero, John Freddy;Reconocimiento y prospección arqueológica para la concesión temporal QKJ-09051, en 126.4 Ha) municipio de San Carlos, departamento de Córdoba, construcciones El Cóndor S.A., Corumar.;2017;SAN CARLOS;CÓRDOBA
Restrepo Lotero, John F.;Reconocimiento y prospección arqueológica para la concesion temporal QKN-08401 (en 123 ha) zona suroeste-noreste. Municipio de Lorica, departamenteo de Córdoba. Construcciones El Condor. S.A. -CORUMAR.;2018;LORICA;CÓRDOBA
Restrepo Lotero, John Freddy;Reconocimiento y prospección arqueológica para la concesión temporal QKN-08401, en 123 Ha, municipio de Lorica, departamento de Córdoba, construcciones El Cóndor S.A., Corumar, departamento de Córdoba.;2017;LORICA;CÓRDOBA
Falchetti, Ana M., Clemencia Plazas y Juan A. Yanguez;Descripción del reconocimiento arqueológico Sinú. s.e., s.i.;1979;MONTELÍBANO;CÓRDOBA
Elkin Eduardo Rodríguez Triviño;Rescate arqueológico en la localidad de Puerto Colombia, municipio de Montelíbano, departamento de Córdoba, Colombia: programa de arqueología preventiva, Proyecto de recuperación de niquel de escoria. Informe final;2007;SAN JOSÉ DE URÉ;CÓRDOBA
Santiago Montoya Agudelo;Programa de arqueología preventiva monitoreo arqueológico, subestación nueva montería a 110 Kv y conexión a STN, municipio de Montería, Córdoba.;2017;MONTERÍA;CÓRDOBA
Diego A. Buitrago;Prospección y plan de manejo arqueológico para el estudio de impacto ambiental (EIA) del proyecto: línea de transmisión a 230 Kv Montería - Urabá y subestación asociada, informe final;2015;MONTERÍA;CÓRDOBA
David Rodríguez, Jafeth Torres;Prospección arqueológica y formulación de medidas de manejo para 64 puntos de torre. Línea de transmisión a 230 KV Montería- Urabá. Informe final;2018;MONTERÍA;CÓRDOBA
Romero C., Luis R.;Prospección y Plan de Manejo Arqueológico del Estudio de Impacto Ambiental para el proyecto de conextión Puerto Libertador - Montelibano;2015;PUERTO LIBERTADOR;CÓRDOBA
Luis Carlos Choperena Tous;Programa de arqueología preventiva, prospección arqueológica para el proyecto “recuperación ambiental y paisajística de la rivera del río Sinú como atractivo turístico en el centro histórico de Santa Cruz de Lorica”: Informe final;2015;LORICA;CÓRDOBA
Yepes Villada, Jorge Iván;Prospección y formulación del plan de manejo arqueológico para la central térmica proyecto Santor, municipio de Puerto Libertador, departamento de Córdoba;2016;PUERTO LIBERTADOR;CÓRDOBA
Yepes Villada, Jorge Iván;Prospección y formulación del plan de manejo arqueológico para la mina Sator, municipio de Puerto Libertador, departamento de Cordoba. Informe final;2015;PUERTO LIBERTADOR;CÓRDOBA
Quintero Rua, Alejandra;Implementación del plan de manejo arqueológico para la concesión temporal RFL-15081. Fases de rescate y prospección de áreas faltantes. Municipio de Ciénaga de oro, departamento de Córdoba. Construcciones El Cóndor S.A. Corumar. Licencia de prosp;2019;CIÉNAGA DE ORO;CÓRDOBA
Silvia Helena Botero Arcila;Prospección arqueológica proyecto línea de transmisión eléctrica Cerromatoso, Caucasia a 110 Kv.;2015;MONTELÍBANO;CÓRDOBA
Santos, Gustavo A., Felipe A. Vergara Castañeda y Oscar D. Quintero Zapata;Ocupaciones tempranas (Holoceno medio) y desarrollos agroalfareros en el medio San Jorge y alto Sinu: rescate y monitoreo arqueológico línea de transmisión a 230Kv. Cerromatoso-Urra I. s.e., Medellín.;1999;PUERTO LIBERTADOR;CÓRDOBA
Nieto, Luis E. e Iván D. Espinosa;Programa de arqueología de rescate en la línea de transmisión eléctrica Cerromatoso, Uraba, informe final. ISA, Medellín.;1995;TIERRALTA;CÓRDOBA
Xiomara López Santamaría y Mayra Alejandra Castro;Implementación del plan de manejo arqueológico, prospección, rescate y monitoreo. Pequeña central hidroeléctrica (PCH) - patico. Vereda Patico San Alfonso. Municipio de Puracé coconuco. Departamento del Cauca;2018;CIÉNAGA DE ORO;CÓRDOBA
Liliana Gómez Londoño;Prospección arqueológica en el marco de la construcción de la vía de 5.5 Km a la vereda Peláez, municipio de Concepción - Antioquia.: Informe final;2015;MONTERÍA;CÓRDOBA
Dionalver Tabares;Proyecto Mina de piedra triturada entre El Carmen-La laguna, Tuchín. Diagnóstico y valoración del impacto arqueológico. (Fase Prospeccion);2009;TUCHÍN;CÓRDOBA
Lina Constanza Fernandez;Programa de arqueología preventiva reconocimiento y prospección arqueológica en áreas de derecho de vía contiguas a la construcción de la calzada adosada (UFI2) y al mejoramiento de la vía existente (UFI6.1): que conduce del municipio de Cerete al;2019;CERETÉ;CÓRDOBA
Alarcón Guevara, Jorge A.;Plan de manejo ambiental pozo exploratorio Calisto 1. Plan de Manejo Ambiental Pozo Exploratorio Ganímedez 1. Geoingeniería, Bogotá;2005;ALBANIA;LA GUAJIRA
Botiva Contreras, Álvaro;Proyecto carbonífero El Cerrejón Zona Norte, apéndice técnico, arqueología. CARBOCOL, Bogotá.;1982;BARRANCAS;LA GUAJIRA
Botiva Contreras, Álvaro;Proyecto carbonífero de El Cerrejón: estudio ambiental. s.e., Medellín.;1982;BARRANCAS;LA GUAJIRA
Camilo Díaz Prado;Prospección arqueológica para las áreas de intervención para la construcción del parque eólico “El Ahumado”, en el distrito de Riohacha (La Guajira);2019;RIOHACHA;LA GUAJIRA
CARBOCOL;Arqueología de rescate proyecto carbonífero de El Cerrejón Zona Norte, Área del Palmar. Asociación CARBOCOL-INTERCOR, Bogotá.;1983;BARRANCAS;LA GUAJIRA
Chacín Lara, Regina y Yuri Romero Picón;Estudio de impacto ambiental y plan de manejo ambiental proyecto río Rancheria: distrito de riego Rancheria y suministro de agua distrito San Juan del Cesar. Unión Temporal Guajira, Bogotá.;2004;SAN JUAN DEL CESAR;LA GUAJIRA
Diana Patricia Muñoz;Programa de arqueología preventiva (PAP) reconocimiento y prospección arqueológica para el Parque Eólico Guajira II: Informe final.;2020;MAICAO;LA GUAJIRA
Flores Olaya, David G.;Prospección arqueológica para seis pozos de perforación exploratorios bloque Salinas. Geopetrocol, Bogotá.;2003;MANAURE;LA GUAJIRA
Forero Romero,Juan C.;Tras las huellas del Guanebucán. Proyecto de investigación arqueológica. Universidad de la Guajira, Riohacha.;2001;RIOHACHA;LA GUAJIRA
Hernán Alexander Quevedo Jara;Programa de arqueología preventiva para el proyecto “refuerzo eléctrico de la Guajira líneas Riohacha – Maicao a 110 kv y Riohacha – cuestecitas a 110kv” (convocatoria Upme, STR 06- 2016). Municipios de Riohacha, Manaure, Albania y Maicao, de;2018;RIOHACHA;LA GUAJIRA
Hernández Bacca, Judith;Informe de monitoreo arqueológico proyecto de perforación exploratoria pozos Calisto 1-Ganímedes 1. Ecopetrol, Bogotá.;2005;ALBANIA;LA GUAJIRA
Hernández Venegas, Maryam Angélica;Programa de arqueología preventiva, fase de prospección y diseño del plan de manejo arqueológico, proyecto parque eólico Carrizal, informe final.;2017;URIBIA;LA GUAJIRA
"Hernández Venegas, Maryam Angélica; Fajardo, Christian David; Leguizamon Munevar, Sebastián y Vladimir Hernando Riveros";Programa de arqueología preventiva, fase de prospección y diseño del plan de manejo arqueológico, proyecto parque eólico Casa Eléctrica, informe final.;2017;URIBIA;LA GUAJIRA
Juan Carlos Agudelo, Elías Sánchez, Diego Alejandro Díaz, Ángela María Velásquez, Fabio Nelson Páez.;Programa de arqueología preventiva para el estudio de impacto ambiental Parque Eólico Windpeshi, municipios de Maicao y Uribia- Departamento de la Guajira. Fase de Prospección. Nuevos diseños.;2020;MAICAO;LA GUAJIRA
Langebaek Rueda, Carl H., Andrea Cuellar y Alejandro Dever;Medio ambiente y poblamiento en La Guajira: investigaciones arqueológicas en el Ranchería Medio. Universidad de los Andes, Bogotá.;1998;BARRANCAS;LA GUAJIRA
Orjuela, Carlos A.;Arqueología de salvamento gasoducto Ballena, Barrancabermeja Km 74+0.00. Ecopetrol, Bogotá.;1995;HATO NUEVO;LA GUAJIRA
OSCAR RIVEROS BOADA;Programa de arqueología preventiva fases de prospección y plan de manejo arqueológico para la línea de transmisión eléctrica Windpeshi. Municipio de Maicao, departamento de Guajira.;2020;MAICAO;LA GUAJIRA
Reichel Dolmatoff, Gerardo;Arqueología del río Ranchería. Boletín de Arqueología 3 (1-6): 17-208.;1951;BARRANCAS;LA GUAJIRA
Rivera Escobar, Sergio;Estudio de arqueología de rescate en la línea de interconexión Cuestecitas-Majayura, informe final de investigación. Interconexión Eléctrica, Medellín.;1992;MAICAO;LA GUAJIRA
Rodríguez Triviño, Elkin E.;Reconocimiento arqueológico sistemático parcial en la cuenca media alta del río Ranchería, municipios de San Juan del Cesár, Distracción y Fonseca, departamento de La Guajira, Colombia. CORPOFENIX, Bogotá.;2007;SAN JUAN DEL CESAR;LA GUAJIRA
Rodríguez, Jose V., Arturo Cifuentes Toro y Francisco Aldana Sierra;Espacios rituales y cotidianos en el alto río Ranchería, La Guajira, Colombia. Arqueología del sureste de la Sierra Nevada de Santa Marta. Universidad Nacional de Colombia, Bogotá.;2010;SAN JUAN DEL CESAR;LA GUAJIRA
Ruiz Arango, Aura L. y Claudia Cárdenas;Prospección y evaluación arqueológica proyecto eólico Jepirachi-Alta Guajira, informe final. Universidad de Antioquia, Empresas Públicas de Medellín, Medellín.;2002;URIBIA;LA GUAJIRA
Santiago Montoya Agudelo;Programa de arqueología preventiva. Reconocimiento y prospección arqueológica proyecto de Generación de Energía Eólica Alpha – Rancherías de Araparen, Departamento de la Guajira: Informe final.;2018;MAICAO;LA GUAJIRA
Santiago Montoya Agudelo;Reconocimiento y prospección arqueológica proyecto de generación eólica beta - rancherías de Cacherín, Curralirraín, Kijotchon, Majayut, Mapuachon, Sukuluwou y Tewou, municipios de Maicaio y Uribia - departamento de La Guajira.;2018;MAICAO;LA GUAJIRA
Santiago Montoya Agudelo, Alejandro Ortiz Cano;RECONOCIMIENTO Y PROSPECCIÓN ARQUEOLÓGICA VÍA DE ACCESO DEL PROYECTO DE GENERACIÓN DE ENERGÍA EÓLICA BETA - RANCHERÍAS DE APUSILAMANA, SOSHINCHON 1, SOSHINCHON 2, ROSAMANA, AIPISHIMANA, MATENARI, CARCLOCTAMANA, KATZIALAMANA 1 – MUNICIPIOS DE MAI;2019;URIBIA;LA GUAJIRA
Santiago Montoya Agudelo, Alejandro Ortiz Cano, Ligia Paulina Maya Puerta, Natalia Bedoya Marulanda.;Programa de arqueología preventiva reconocimiento y prospección arqueológica proyecto Parque eólico Acacia 2, ranchería de Wourre, municipio de Maicao, La Guajira, informe final.;2017;MAICAO;LA GUAJIRA
Silvia Helena Botero Arcila;Servicio de consultoría de estudio de impacto ambiental para el proyecto de explotación minera Cerrejón Sur, complejo carbonífero El Cerrejón: informe final, prospección arqueológica. Cerrejón, Integral, s.i.;2008;BARRANCAS;LA GUAJIRA
Silvia Helena Botero Arcila;Evaluación de infraestructura para la explotación de carbón en el departamento de La Guajira- Colombia, proyecto Cañaverales: prospección arqueológica, informe final. s.e., s.i.;2010;FONSECA;LA GUAJIRA
Socarrás, José L.;Las plantas en la subsistencia de los antiguos habitantes del Medio Ranchería, sur de La Guajira (Colombia). Boletín de Arqueología 18: 53-97.;2003;BARRANCAS;LA GUAJIRA
Tovar, Jorge E. y Claudia T. Silva.;Prospección arqueológica de pozos exploratorios en el río Ranchería Zona Sur. Drummond LTD, Valledupar.;2010;FONSECA;LA GUAJIRA
Alejandro Dever;INFORME PRELIMINAR DEL PROSPECCIÓN ARQUEOLOGÍCA EN AREAS ALEDAÑAS A CHENGUE, CONCHA Y FUERA DEL PARQUE TAIRONA.;2020;SANTA MARTA;MAGDALENA
Alvaro Osorio Santos;Monitoreo arqueológico de la vía alterna al puerto, sector Mamatoco - Quebrada El Doctor K 000 al K 17 + 000: informe final;2010;SANTA MARTA;MAGDALENA
Ana Cristina Cuello Díaz;Puerto marítimo Puerto Nuevo: informe y prospección arqueológica.;2009;CIÉNAGA;MAGDALENA
Boada Rivas, Ana M.;Excavaciones arqueológicas en el sitio La Frontera (B.204). Universidad de los Andes, Bogotá.;1982;SANTA MARTA;MAGDALENA
Cadavid Camargo, Gilberto;Excavaciones arqueológicas en las terrazas de vivienda denominadas T-16, T-18 y T-22B: área central, Buritaca 204, Frontera. ICAN, Bogotá.;1983;SANTA MARTA;MAGDALENA
Cadavid Camargo, Gilberto;Riofrio 69. ICAN, Bogotá;1984;CIÉNAGA;MAGDALENA
Calderón Corredor, Kenny J.;Prospección y plan de manejo arqueológico para la locación y vía de acceso Granate 1, Nueva Granada, Magdalena. ECOPETROL, Bogotá.;2009;NUEVA GRANADA (Granada);MAGDALENA
Calderón Corredor, Kenny J.;Estudio de impacto ambiental área de perforación exploratoria Granate, Nueva Granada, Plato (Magdalena, Colombia), componente arqueológico. Health, Safety and Environment., Bogotá.;2008;NUEVA GRANADA (Granada);MAGDALENA
Calderón Corredor, Kenny J.;Prospección y plan de manejo arqueológico para la perforación del pozo exploratorio Tupale 1, Chibolo (Magdalena, Colombia). Health, Safety and Environment, Bogotá.;2009;CHIVOLO;MAGDALENA
Calderón Corredor, Kenny J.;Prospección y plan de manejo arqueológico para la locación y la vía de acceso Túpale 1, Chibolo (Magdalena, Colombia). ECOPETROL, Bogotá.;2009;CHIVOLO;MAGDALENA
Calderón Corredor, Kenny J.;Arqueología preventiva para el estudio de impacto ambiental del área de exploración perforatoria Yanili, Plato (Magdalena, Colombia). Ecopetrol, Bogotá.;2009;PLATO;MAGDALENA
Campo M., Enrique;Propuesta de prospección arqueológica y Plan de manejo de 49 ha+3970.62 m2. Termo Bonda, Termo Gaira, Termo Magdalena y Termo Norte, ININCORP S.A.;2014;SANTA MARTA;MAGDALENA
Campo Mier, Enrique;Posibles pautas de enterramiento en Bahía Concha (departamento de Magdalena). Universidad de Antioquia, Medellín.;1986;SANTA MARTA;MAGDALENA
Cardona Velásquez, Luis Carlos;Línea de transmisión a 220 kV Subestación Santa Marta - Termocol: prospección, diagnóstico y plan de manejo arqueológico (PMA);2009;SANTA MARTA;MAGDALENA
"Castaño Fajardo, Daniel Humberto; Rodrigez Saza, Freddy; Luis Felipe Ragua Miranda.";Programa de arqueología preventiva para el proyecto urbanización conjunto residencial coliseo deportivo. Etapa de prospección arqueológica. Tenerife - Magdalena;2018;TENERIFE;MAGDALENA
Cifuentes Toro, Arturo;Bitácora arqueológica: arqueología histórica de la ciudad de Santa Marta. Ministerio de Cultura, Unión Temporal Centro Histórico Fase 1, Bogotá.;2010;SANTA MARTA;MAGDALENA
Dever, Alejandro;Social and Economic Development of a Specialized Community in Chengue, Parque Tairona, Colombia. Tesis Doctoral inédita, Department of Anthropology, University of Pittsburgh, Pittsburgh.;2007;SANTA MARTA;MAGDALENA
Enrique Campo;Monitoreo y Rescate Arqueológico en el Proyecto: Loop Palomino - La Mami, Fase 1 Tramos (1,6 y 7) Promigas S.A - E.S.P;2014;SANTA MARTA;MAGDALENA
Flórez Olaya, David G.;Interventoria de la construcción puente Botón de Leyva en la carretera Mompox-El Banco de la transversal Depresión Momposina, Ruta 78, tramo 7804, prospección arqueológica. Consultoría Colombiana S.A, Ministerio de Transporte, Bogota.;2004;GUAMAL;MAGDALENA
González, Leonardo;Proyecto circuito ecológico turístico cultural reserva natural privada Masinga, hoteles Decamerón Santa Marta, estudio de línea base arqueológica. Hoteles Decamerón, Santa Marta.;1996;SANTA MARTA;MAGDALENA
Gutierrez O., Javier E.;Reconocimiento, prospección y plan de manejo arqueológico para la construcción de las líneas de flujo de 3'' para transporte de fluidos entre las plataformas capure 1X, pedernalito, cotorra 1X y manamo 1X;2014;NUEVA GRANADA (Granada);MAGDALENA
Gutiérrez Olano, Javier.;Reconocimiento, prospección y Plan de manejo arqueológico de la vía de acceso y localización para el emplazamiento del pozo exploratorio Granate 1, Nueva Granada - Magdalena. HOCOL S.A. y EIATEC S.A.S., Bogotá.;2010;NUEVA GRANADA (Granada);MAGDALENA
Herrera de Turbay, Luisa Fernanda;Agricultura aborigen y Cambios de Vegetación en la Sierra Nevada de Santa Marta;1985;SANTA MARTA;MAGDALENA
Igor M. Martinez B.;Prospección arqueológica y plan de manejo arqueológico para la línea de emergencia de agua de mar en terminal pozos colorados de Ecopetrol S.A. Santa Marta: informe final;2015;SANTA MARTA;MAGDALENA
José Francisco Barranco Sánchez;Ocupación prehispánica y relaciones hombre-ambiente en las tierras bajas y colinas al norte de la ciénaga de Zapatosa, bloque exploratorio SSJN9, Pijiño del Carmen, San Zenón, San Sebastián de Buenavista, Santa Ana y Guamal, Magdalena.;2010;GUAMAL;MAGDALENA
Judith Hernández Bacca;Estudio de impacto ambiental para la producción de etanol carburante en los municipios de Pivijay y El Piñón-Magdalena, informe final.;2008;PIVIJAY;MAGDALENA
Kenny Javier Calderón Corredor;Estudio de impacto ambiental área de interés exploratoria Apure, Chibolo (Magdalena, Colombia);2008;ZAPAYÁN (Punta de Piedras);MAGDALENA
Laboratorio de Arqueologia Unimagdalena;Restos Óseos En Calle 26 N° 6-40;2010;SANTA MARTA;MAGDALENA
Lascano y Esguerra Ingenieros Consultores;Distrito turístico, cultural e histórico de Santa Marta: actualización del impacto ambiental para la vía alterna al Puerto de Santa Marta. Lascano y Esguerra Ingenieros Consultores, Santa Marta.;1999;SANTA MARTA;MAGDALENA
Leon Reines Ronis;Una contribución a la arqueología del Bajo Río Magdalena;1979;PEDRAZA;MAGDALENA
Maldonado, Roberto y Enrique A. Campo Mier;Proyecto de investigación sobre tecnología de contención, vivienda campesina e impacto en el entorno. INURBE, Bogotá.;1992;SANTA MARTA;MAGDALENA
Molano Culma, Víctor Hugo y Andrés Camilo Nieto Amaya;Prospección arqueológica en el marco del plan de manejo ambiental para la plataforma multipozos La Belleza. Bloque SSJN-5, municipio de Plato, departamento del Magdalena: Informe final;2018;PLATO;MAGDALENA
Muñoz Zea, Diana Patricia.;Puerto Maritimo Puerto Nuevo: Informe de Rescate Arqueológico. Integral Ingenieros Consultores, s.i..;2010;CIÉNAGA;MAGDALENA
Osorio Santos, Álvaro;Condominio turístico Mendihuaca Caribbean Resort, línea base arqueológica de emergencia. s.e., Santa Marta.;1995;SANTA MARTA;MAGDALENA
Osorio Santos, Álvaro;Prospección y excavación arqueológica de la vía alterna al puerto de Santa Marta sector quebrada El Doctor-Mamatoco y Kilómetro demostrativo de la doble calzada Ciénaga Santa Marta abscisado K 81+846 al K 82+846 de la vía Barranquilla Santa Marta,;2007;SANTA MARTA;MAGDALENA
Osorio Santos, Álvaro;Prospección arqueológica en el proyecto de construcción de la doble calzada Ciénaga Santa Marta Km 81+846-Km 64+000 de la carretera Barranquilla Santa Marta, informe final. Ruta del Sol, Santa Marta.;2007;SANTA MARTA;MAGDALENA
Oyuela Caycedo, Augusto;La cerámica tayrona del Alto Buritaca, Sierra Nevada de Santa Marta, departamento del Magdalena. Universidad de los Andes, Bogotá.;1983;SANTA MARTA;MAGDALENA
Pérez Riaño, Pablo F.;Prospección arqueológica proyecto termoeléctrico Termocol, Santa Marta, departamento del Magdalena. Grupo Poliobras, Bogotá.;2008;SANTA MARTA;MAGDALENA
Rodríguez Triviño Elkin E. y Francisco Barranco Sánchez;Prospección arqueológica en el área de interés geológico bloque San Ángel, municipio de Sabanas de San Ángel, departamento del Magdalena. Informe Final. Petrolífera Petroleum, Ambiental Consultores, Bogotá.;2010;SABANAS DE SAN ÁNGEL (San Ángel);MAGDALENA
"Rodríguez Triviño, Elkin Eduardo; Barranco Sánchez, Francisco";Programa de arqueología preventiva y plan de manejo arqueológico proyecto de exploración petrolera reconocimiento y prospección arqueológicas en las áreas de interés geológico La Pinta 1 y Area 2, municipio de Ariguaní, departamento del Magdalen;2010;ARIGUANÍ (El Difícil);MAGDALENA
Rodríguez, Guillermo y Fernando Salazar;Investigaciones arqueológicas en el Alto de Mira, Sierra Nevada de Santa Marta. s.e., Bogotá.;1984;SANTA MARTA;MAGDALENA
Rubiano C., Juan C.;Prospección arqueológica para la variante del centro poblado el plato, sector 3 Ruta del Sol, (departamento del Magdalena);2015;PLATO;MAGDALENA
Rubiano C., Juan C.;Prospección arqueológica para las variantes de los centros poblados del sector 3 Ruta del Sol: Nueva Granada y El Dificil (Departamento del Magdalena);2015;ARIGUANÍ (El Difícil);MAGDALENA
Rubiano, Juan Carlos;Programa de arqueología preventiva para el cruce del río Cesar combusteoloducto 16´´ Ayacucho - Coveñas, municipio del Banco, departamento del Magdalena, fase de prospección y plan de manejo arqueológico.;2017;EL BANCO;MAGDALENA
Sánchez Urriago, Ancizar;“Prospección y plan de manejo arqueológico para los Pozos DF39, DF40, DF41 sus respectivas vías de acceso y líneas de flujo, para la línea de flujo que conectará el Pozo DF35 con la Estación Campo El Difícil” Ariguaní – Magdalena: Informe;2018;ARIGUANÍ (El Difícil);MAGDALENA
Sandoval Andrade, Javier Andrés;Reconocimiento, prospección y plan de manejo arqueológico para la variante Ariguani - El Dificíl - Bloque Guama, municipio Ariguani, departamento del Magdalena, Colombia;2014;ARIGUANÍ (El Difícil);MAGDALENA
Santacruz Silva, Sandra Janeth;Informe prospección arqueológica zodme D6-47 Yuma Concesionaria Ruta del Sol sector 3;2014;PLATO;MAGDALENA
Soto Holguín, Álvaro.;"Informe de trabajos e investigaciones realizados en el proyecto Buritaca 200 ""Ciudad Perdida"" de junio de 1976 a septiembre de 1982. Fundación Cultura Tayrona, Bogotá.";1982;SANTA MARTA;MAGDALENA
Wilhelm Londoño Diaz, Daniela Beltrán Díaz;Relación naturaleza – cultura a partir de las estrategias de subsistencia presentes en un conchero de la ciénaga grande de Santa Marta;2018;SANTA MARTA;MAGDALENA
Wynn, Jack T.;Buritaca Ceramic Chronology: a Seriation from the Tairona Area, Colombia. Tesis doctoral inédita, Faculty of the Graduate School, University of Missouri, Missouri.;1975;SANTA MARTA;MAGDALENA
"Agudelo, Juan Carlos; Puche, Kathy y Elías Sánchez Castañeda";Programa de arqueología preventiva , proyecto plan de manejo ambiental para la construcción y operación de la variante Canutal - Ap Samán, municipio de Ovejas, departamento de Sucre: Fase de prospección y formulación del plan de manejo arqueológic;2018;OVEJAS;SUCRE
Ancizar Sánchez Urriago;Reconocimiento prospección y plan de manejo arqueológico para la plataforma Guepajé Sur 1 en el municipio de San Pedro Sucre;2018;SAN PEDRO;SUCRE
Arqueonorte;Programa de arqueología preventiva reconocimiento y prospección arqueológica para la concesión temporal El Mono. Titulo TFD-08211 (En 6.5 HA)Municipio de San Onofre, Departamento de Sucre. Construcciones El Cóndor S.A;2019;SAN ONOFRE;SUCRE
Baquero M., Alvaro F.;"Licencia de intervención arqueológica para la modificación del gasoducto troncal Cartagena Jobo variante Sincelejo y conexiones a los gasoductos regionales La Creciente y San Mateo Sincelejo. Nombre Proyecto Modificado: ""CONSTRUCCIÓN Y OPERACIÓN DE";2015;SINCELEJO;SUCRE
Castellanos Montes, Daniela;Prospección arqueológica del proyecto gasoducto La Creciente, departamento de Sucre, (área de interés:tramos La Creciente-Sincelejo y Guepaje-Sincé-Corozal). Promigas, Bogotá.;2008;SAN JUAN DE BETULIA;SUCRE
Chacín Lara, Regina;Informe de monitoreo arqueológico del programa sísmico 2D La Creciente 2005. Geoambiental LTDA, Bogotá.;2005;LOS PALMITOS;SUCRE
Enrique Campo Mier;Programa de arqueología preventiva, rescate, divulgación, arqueología pública y monitoreo arqueológico gasoducto Loop San Mateo, Mamonal, informe final.;2017;TOLUVIEJO;SUCRE
FABIO ENRIQUE ORTIZ SANCHEZ;INFORME FINAL: PROGRAMA DE ARQUEOLOGÍA PREVENTIVA, FASE DE PROSPECCIÓN ARQUEOLÓGICA Y FORMULACIÓN DEL PLAN DE MANEJO ARQUEOLÓGICO PARA EL PROYECTO DE CONSTRUCCIÓN DE PAVIMENTACIÓN EN CONCRETO RÍGIDO DE VÍAS URBANAS EN EL SECTOR DE LA ISLA DE GAL;2020;COVEÑAS;SUCRE
Herrera, L. y J.C. Berrío;Vegetación natural y acción antrópica durante los últimos 1.000 años: Análisis palinológico de un perfil asociado a canales artificiales del sistema hidráulico prehispánico. Antiguo curso del bajo río San Jorge, municipio de San Marcos, Sucre.;1996;SAN MARCOS;SUCRE
INERCO Consultoría Colombia;FORMULACIÓN DEL PLAN DE MANEJO ARQUEOLÓGICO PARA LA MODIFICACIÓN DEL ESTUDIO DE IMPACTO AMBIENTAL, PARA LA CONSTRUCCIÓN Y OPERACIÓN DEL GASODUCTO JOBO-MAMONAL, PRIMERA ETAPA JOBO- MAJAGUAS – VARIANTE MATA DE CAÑA (2.5 KM).;2019;SAMPUÉS;SUCRE
Javier Gutiérrez Olano;DE LOS ZENÚES Y LOS MALIBÚES. ARQUEOLOGÍA DE LAS LLANURAS DEL CARIBE Y LA COSTA DEL MAR DEL NORTE. Reconocimiento, Prospección y Formulación del Plan de Manejo Arqueológico para el Emplazamiento de la Plataforma Obiwan A1 y su Vía de Acceso. (Áre;2019;TOLÚ;SUCRE
Jenny Catherin Blanco Guerrero;Programa de arqueología preventiva. Fase de prospección arqueológica y formulación del plan de manejo arqueológico para la construcción de los parques fotovoltaicos La Tolua y parque solar Tierra Linda. Municipio de Sampués, departamento de Sucre;2020;SAMPUÉS;SUCRE
Jesus Hernan Perez;Programa de Arqueología preventiva fase de prospección en derecho de via -unidad funcional integral 7 subsector 3 construcción de variante Tolú y San Onofre Departamento de Sucre;2019;TOLÚ;SUCRE
Jhon Restrepo Lotero;Reconocimiento y prospección arqueológica para el mejoramiento vial de la unidad funcional 8 subsector 8.2 tramo Pueblito PR93+700 San Onofre, PR105+400, municipio de San Onofre, departamento de Sucre.;2017;SAN ONOFRE;SUCRE
John F. Restrepo Lotero;PROGRAMA DE ARQUEOLOGÍA PREVENTIVA RECONOCIMIENTO Y PROSPECCIÓN ARQUEOLÓGICA PARA LA CONCESIÓN TEMPORAL EL MONO II, TITULO TFD-08211 (EN 9 HA), MUNICIPIO DE SAN ONOFRE, DEPARTAMENTO DE SUCRE. CONSTRUCCIONES EL CÓNDOR S.A.;2020;SAN ONOFRE;SUCRE
John Freddy Restrepo Lotero;Reconocimiento y prospección arqueológica para el mejoramiento vial de la unidad funcional 8 subsector 8,1 tramo Tolú PR49+500, Toluviejo PR66+100, municipios de Tolú y Tolúviejo, departamento de Sucre;2017;SAN ONOFRE;SUCRE
Jorge Huertas Torres;Programa de arqueología preventiva para la construcción de la plataforma Piccolo-1 (5-5 HA), su vía de acceso con una longitud de 1,075 km y línea de flujo con una longitud de 4,4 km: Proyecto localizado en los municipios de La Unión y San Marcos, d;2020;LA UNIÓN;SUCRE
Jose David Gonzales Bejarano;Programa de arqueología preventiva para la plataforma Oboe-2 (4 Ha), su vía de acceso (300 M) y su línea de flujo (1,5 KM), en los municipios de La Unión y Sahagún, departamento de Sucre y Córdoba. Etapa de prospección: Informe final;2020;LA UNIÓN;SUCRE
Judith Hernández Bacca;Programa de arqueología preventiva: Variante Tolú (Tolú el Pueblito) entre el K0+000 al K23+878 (UFI 7) y 8 Zodme (Santiago de Tolú, Sucre y Lorica, Córdoba).Fase de prospección y plan de manejo arqueológico, informe final.;2018;TOLÚ;SUCRE
Judith Hernández Bacca;Programa de arqueología preventiva, programa de arqueología preventiva variante Tolú, Tolú-El Pueblito, entre el K0+000 al K23+878, UFI 7, Santiago de Tolú, Sucre, fase de prospección y plan de manejo arqueológico;2018;COVEÑAS;SUCRE
Lasmo Oil Colombia Limited;Informe final de la asesoria arqueológica línea de flujo: Guepaje 2 a Guepaje 1;1995;COVEÑAS;SUCRE
Londoño Díaz, Wilhelm;Prospección arqueológica del área de la Planta Compresora, San Onofre, Sucre: resultados de la prospección;2014;SAN ONOFRE;SUCRE
Plazas, Clemencia y Ana M. Falchetti;Cerámica arcaica en las sabanas de San Marcos, Sucre. Boletín de Arqueología 2(1):16-23.;1986;SAN MARCOS;SUCRE
Restrepo L., John F.;Reconocimiento y prospección arqueológica Concesión Temporal No. PIP-13501 mina la garita (en 2,4 h.a), Municipio de Sincelejo, Departamento de Sucre;2015;SINCELEJO;SUCRE
Restrepo Lotero, John;Prospección arqueológica desarrollo vial Córdoba-Sucre. Proyecto de concesión vial Autopista de la Sabana. s.e., Medellín.;2008;MORROA;SUCRE
Restrepo Lotero, John Freddy;"Reconocimiento y prospección arqueológica para la gran variante coveñas, San antonio de Palmito y Santiago de Tolú, concesión; vial ruta al mar, departamento de Sucre";2018;TOLÚ;SUCRE
Restrepo Lotero, John Freddy;Implementación del plan de manejo fase de monitoreo arqueológico proyecto doble calzada Sincelejo - Sampués bajo licencia de prospección 3347 Departamento de Sucre autopista de La Sabana S.A;2019;SAMPUÉS;SUCRE
Restrepo Lotero, John.;Ejecución del Plan de Manejo Arqueológico Autopistas de la Sabana: prospección arqueológica al cambio de diseño de la variante oriental de Sincelejo y Monitoreo arqueológico al sitio 19 La Tejedora, municipios Morroa y Sincelejo, departamento de Su;2010;SINCELEJO;SUCRE
Rodríguez M., Andrea;Prospección y reconocimiento para la formulación del plan de manejo arqueológico correspondiente al emplazamiento del Pozo Exploratorio MAMEY W, vía de acceso y sus áreas complementarias (Zodmes 1 y 2) (APE SAMAN WEST);2015;OVEJAS;SUCRE
Rojas A., Camilo A.;Programa arqueología preventiva. Modificación de la licencia ambiental 1471 del 30/07/2009 para la construcción del gasoducto La Creciente-Tolú. Fase de rescate arqueológico de los sitios Puerto Viejo, San Antonio y Sincé;2014;TOLÚ;SUCRE
Rojas Mora, Sneider H. y Fernando Montejo Gaitán;Viviendas prehispánicas en el bajo río San Jorge. Fundación de Investigaciones Arqueológicas Nacionales FIAN. Bogotá.;2002;CAIMITO;SUCRE
Rojas Mora, Sneider y Fernando Montejo Gaitán;Manejo agrícola y campos de cultivo prehispánico en el bajo río San Jorge. Colciencias-Corpoica-Fundación Erigaie, Bogotá.;1999;SAN MARCOS;SUCRE
Romero Picón, Yuri;Pozo La Creciente-E1, Sincé-Sucre: informe final de monitoreo arqueológico. Stratus Oil and Gas, Bogotá.;2008;SINCÉ;SUCRE
Romero Picón, Yuri;Pozo exploratorio La Creciente 2, San Pedro-Sucre: informe final de prospección arqueológica. Stratus Oil y Gas, Bogota.;2007;LOS PALMITOS;SUCRE
Romero Picón, Yuri y Angélica Vivas;Monitoreo arqueológico a las obras civiles de la construcción del gasoducto La Creciente 1-San Mateo y la vía de acceso La Creciente Norte 1, en el departamento de Sucre. Stratus Oil and Gas, Bogotá.;2007;SAN PEDRO;SUCRE
Romero Picón,Yuri;Monitoreo arqueológico a las obras civiles de construcción de la línea de flujo entre los pozos LCD-1 y LCA-1, y la locación del pozo LCJ-1 y vía de acceso, municipios de San Pedro y Sincé, Sucre. Pacific Rubiales Energy, Bogotá.;2008;SAN PEDRO;SUCRE
Sánchez Urriago, Ancizar;Unidades domésticas zenúes y sus áreas internas de actividad: programa de prospección y formulación del plan de manejo arqueológico para el parque fotovoltaico la Sierpe;2019;MAJAGUAL;SUCRE
Sánchez Urriago, Ancizar;Unidades domésticas malibúes y sus áreas de actividad: prospección y plan de manejo arqueológico en la línea de flujo que conectará el pozo Mamey West con el CPF Bonga - Mamey;2018;OVEJAS;SUCRE
Sánchez Urriago, Ancízar;Unidades domésticas y sus áreas internas de actividades en Sincé Sucre: Programa de prospección y formulación del plan de manejo arqueológico para el Parque Fotovoltaico Sincé;2018;SINCÉ;SUCRE
Universidad de Antioquia;Investigaciones arqueológicas en el Golfo de Morrosquillo. s.e., s.i.;1982;TOLÚ;SUCRE
Yuri Romero Picón;Programa de arqueología preventiva y Plan de Manejo Arqueológico para el gasoducto Bremen - Tolcemento y opción a Coveñas, y ampliación del pozo La Creciente 1. Departamento de Sucre. Pacific Rubiales, s.i..;2010;SAN PEDRO;SUCRE
